{
  "configs": {
    "{\"pollIntervalMs\":6000,\"jitterMinMs\":0,\"jitterMaxMs\":3000,\"retryDelaysMs\":[5000,4000,4000,8000,10000]}": {
      "config": {
        "pollIntervalMs": 6000,
        "jitterMinMs": 0,
        "jitterMaxMs": 3000,
        "retryDelaysMs": [
          5000,
          4000,
          4000,
          8000,
          10000
        ]
      },
      "raw": {
        "allAttempts": 2971,
        "successAttempts": 1203,
        "wafAttempts": 1768,
        "fetchOkCount": 211,
        "fetchRecoveredCount": 992,
        "retry1Count": 1005,
        "retry2Count": 401,
        "retry3Count": 329,
        "retry4Count": 27,
        "fetchFailedCount": 6,
        "successIntervalSumMs": 17940691,
        "successIntervalCount": 1187
      },
      "derived": {
        "noWafPercent": 40.49141703130259,
        "wafPercent": 59.50858296869741,
        "retry1PercentOfWaf": 56.84389140271493,
        "retry2PercentOfWaf": 22.68099547511312,
        "retry3PercentOfWaf": 18.608597285067873,
        "retry4PercentOfWaf": 1.5271493212669682,
        "failedPercentOfWaf": 0.3393665158371041,
        "avgSuccessIntervalMs": 15114.314237573715,
        "avgSuccessIntervalSec": 15.114314237573716
      }
    },
    "{\"pollIntervalMs\":7000,\"jitterMinMs\":0,\"jitterMaxMs\":3000,\"retryDelaysMs\":[5000,3000,4000,8000,10000]}": {
      "config": {
        "pollIntervalMs": 7000,
        "jitterMinMs": 0,
        "jitterMaxMs": 3000,
        "retryDelaysMs": [
          5000,
          3000,
          4000,
          8000,
          10000
        ]
      },
      "raw": {
        "allAttempts": 1457,
        "successAttempts": 614,
        "wafAttempts": 843,
        "fetchOkCount": 93,
        "fetchRecoveredCount": 521,
        "retry1Count": 526,
        "retry2Count": 159,
        "retry3Count": 142,
        "retry4Count": 11,
        "fetchFailedCount": 5,
        "successIntervalSumMs": 9412469,
        "successIntervalCount": 613
      },
      "derived": {
        "noWafPercent": 42.141386410432396,
        "wafPercent": 57.85861358956761,
        "retry1PercentOfWaf": 62.39620403321471,
        "retry2PercentOfWaf": 18.86120996441281,
        "retry3PercentOfWaf": 16.844602609727165,
        "retry4PercentOfWaf": 1.3048635824436536,
        "failedPercentOfWaf": 0.5931198102016607,
        "avgSuccessIntervalMs": 15354.761827079934,
        "avgSuccessIntervalSec": 15.354761827079933
      }
    },
    "{\"pollIntervalMs\":8000,\"jitterMinMs\":0,\"jitterMaxMs\":3000,\"retryDelaysMs\":[5000,3000,4000,8000,10000]}": {
      "config": {
        "pollIntervalMs": 8000,
        "jitterMinMs": 0,
        "jitterMaxMs": 3000,
        "retryDelaysMs": [
          5000,
          3000,
          4000,
          8000,
          10000
        ]
      },
      "raw": {
        "allAttempts": 303,
        "successAttempts": 146,
        "wafAttempts": 157,
        "fetchOkCount": 31,
        "fetchRecoveredCount": 115,
        "retry1Count": 115,
        "retry2Count": 21,
        "retry3Count": 19,
        "retry4Count": 2,
        "fetchFailedCount": 0,
        "successIntervalSumMs": 2171984,
        "successIntervalCount": 145
      },
      "derived": {
        "noWafPercent": 48.18481848184818,
        "wafPercent": 51.81518151815182,
        "retry1PercentOfWaf": 73.24840764331209,
        "retry2PercentOfWaf": 13.375796178343949,
        "retry3PercentOfWaf": 12.101910828025478,
        "retry4PercentOfWaf": 1.2738853503184715,
        "failedPercentOfWaf": 0,
        "avgSuccessIntervalMs": 14979.2,
        "avgSuccessIntervalSec": 14.9792
      }
    },
    "{\"pollIntervalMs\":9000,\"jitterMinMs\":0,\"jitterMaxMs\":3000,\"retryDelaysMs\":[5000,3000,4000,8000,10000]}": {
      "config": {
        "pollIntervalMs": 9000,
        "jitterMinMs": 0,
        "jitterMaxMs": 3000,
        "retryDelaysMs": [
          5000,
          3000,
          4000,
          8000,
          10000
        ]
      },
      "raw": {
        "allAttempts": 1718,
        "successAttempts": 920,
        "wafAttempts": 798,
        "fetchOkCount": 217,
        "fetchRecoveredCount": 703,
        "retry1Count": 707,
        "retry2Count": 53,
        "retry3Count": 27,
        "retry4Count": 8,
        "fetchFailedCount": 3,
        "successIntervalSumMs": 13918036,
        "successIntervalCount": 919
      },
      "derived": {
        "noWafPercent": 53.55064027939464,
        "wafPercent": 46.44935972060536,
        "retry1PercentOfWaf": 88.59649122807018,
        "retry2PercentOfWaf": 6.641604010025063,
        "retry3PercentOfWaf": 3.3834586466165413,
        "retry4PercentOfWaf": 1.0025062656641603,
        "failedPercentOfWaf": 0.37593984962406013,
        "avgSuccessIntervalMs": 15144.761697497279,
        "avgSuccessIntervalSec": 15.144761697497279
      }
    },
    "{\"pollIntervalMs\":6000,\"jitterMinMs\":0,\"jitterMaxMs\":3000,\"retryDelaysMs\":[6000,3000,4000,8000,10000]}": {
      "config": {
        "pollIntervalMs": 6000,
        "jitterMinMs": 0,
        "jitterMaxMs": 3000,
        "retryDelaysMs": [
          6000,
          3000,
          4000,
          8000,
          10000
        ]
      },
      "raw": {
        "allAttempts": 31,
        "successAttempts": 15,
        "wafAttempts": 16,
        "fetchOkCount": 2,
        "fetchRecoveredCount": 13,
        "retry1Count": 14,
        "retry2Count": 1,
        "retry3Count": 1,
        "retry4Count": 0,
        "fetchFailedCount": 0,
        "successIntervalSumMs": 176071,
        "successIntervalCount": 13
      },
      "derived": {
        "noWafPercent": 48.38709677419355,
        "wafPercent": 51.61290322580645,
        "retry1PercentOfWaf": 87.5,
        "retry2PercentOfWaf": 6.25,
        "retry3PercentOfWaf": 6.25,
        "retry4PercentOfWaf": 0,
        "failedPercentOfWaf": 0,
        "avgSuccessIntervalMs": 13543.923076923076,
        "avgSuccessIntervalSec": 13.543923076923075
      }
    },
    "{\"pollIntervalMs\":6000,\"jitterMinMs\":0,\"jitterMaxMs\":3000,\"retryDelaysMs\":[5000,3000,4000,8000,10000]}": {
      "config": {
        "pollIntervalMs": 6000,
        "jitterMinMs": 0,
        "jitterMaxMs": 3000,
        "retryDelaysMs": [
          5000,
          3000,
          4000,
          8000,
          10000
        ]
      },
      "raw": {
        "allAttempts": 1997,
        "successAttempts": 758,
        "wafAttempts": 1239,
        "fetchOkCount": 56,
        "fetchRecoveredCount": 702,
        "retry1Count": 712,
        "retry2Count": 264,
        "retry3Count": 237,
        "retry4Count": 16,
        "fetchFailedCount": 10,
        "successIntervalSumMs": 11593081,
        "successIntervalCount": 756
      },
      "derived": {
        "noWafPercent": 37.95693540310466,
        "wafPercent": 62.04306459689535,
        "retry1PercentOfWaf": 57.46569814366425,
        "retry2PercentOfWaf": 21.307506053268767,
        "retry3PercentOfWaf": 19.128329297820823,
        "retry4PercentOfWaf": 1.29136400322841,
        "failedPercentOfWaf": 0.8071025020177561,
        "avgSuccessIntervalMs": 15334.763227513227,
        "avgSuccessIntervalSec": 15.334763227513227
      }
    },
    "{\"pollIntervalMs\":9000,\"jitterMinMs\":0,\"jitterMaxMs\":3000,\"retryDelaysMs\":[5000,4000,4000,8000,10000]}": {
      "config": {
        "pollIntervalMs": 9000,
        "jitterMinMs": 0,
        "jitterMaxMs": 3000,
        "retryDelaysMs": [
          5000,
          4000,
          4000,
          8000,
          10000
        ]
      },
      "raw": {
        "allAttempts": 59,
        "successAttempts": 35,
        "wafAttempts": 24,
        "fetchOkCount": 14,
        "fetchRecoveredCount": 21,
        "retry1Count": 22,
        "retry2Count": 2,
        "retry3Count": 0,
        "retry4Count": 0,
        "fetchFailedCount": 0,
        "successIntervalSumMs": 481952,
        "successIntervalCount": 33
      },
      "derived": {
        "noWafPercent": 59.32203389830508,